{
  "base_force": 20.0,
  "forces": [
    20.0
  ],
  "wall_times": [
    230.72882652282715
  ],
  "heating_rates": [
    0.021670460840771125
  ],
  "relative_powers": [
    0.0
  ]
}