{
  "base_force": 20.0,
  "forces": [
    20.0
  ],
  "wall_times": [
    636.8419146537781
  ],
  "heating_rates": [
    0.001570248403865902
  ],
  "relative_powers": [
    0.0
  ]
}