{
  "base_force": 15.0,
  "forces": [
    15.0,
    30.0,
    45.0
  ],
  "wall_times": [
    280.0915036201477,
    600.0247797966003,
    546.9875903129578
  ],
  "heating_rates": [
    0.01785130907355498,
    0.00333319567348197,
    0.009140975204097885
  ],
  "relative_powers": [
    1.0,
    0.18671995760914717,
    0.5120618978940527
  ]
}