{
  "base_force": 15.0,
  "forces": [
    15.0,
    30.0,
    45.0
  ],
  "wall_times": [
    335.27651715278625,
    153.20545077323914,
    77.31643843650818
  ],
  "heating_rates": [
    0.014913063528757335,
    0.032635914549806376,
    0.06466930061847032
  ],
  "relative_powers": [
    1.0,
    2.1884111528710046,
    4.3364195756134505
  ]
}