{
  "base_force": 20.0,
  "forces": [
    20.0
  ],
  "wall_times": [
    155.59620094299316
  ],
  "heating_rates": [
    0.03213446067254485
  ],
  "relative_powers": [
    0.0
  ]
}