{
  "base_force": 20.0,
  "forces": [
    20.0,
    40.0,
    60.0
  ],
  "wall_times": [
    288.67515420913696,
    124.65366172790527,
    600.0075368881226
  ],
  "heating_rates": [
    0.01732050689882941,
    0.04011113617275061,
    -0.01833310304242238
  ],
  "relative_powers": [
    1.0,
    2.315817684034495,
    -1.0584622695806558
  ]
}