{
  "base_force": 15.0,
  "forces": [
    15.0,
    30.0,
    45.0
  ],
  "wall_times": [
    359.3811740875244,
    600.0059580802917,
    600.0311777591705
  ],
  "heating_rates": [
    0.013912804455311534,
    0.0016666501166079783,
    0.0016665800662800918
  ],
  "relative_powers": [
    1.0,
    0.11979253513993694,
    0.11978750018612074
  ]
}