{
  "base_force": 15.0,
  "forces": [
    15.0,
    30.0,
    45.0
  ],
  "wall_times": [
    313.1726722717285,
    600.0200788974762,
    600.0221166610718
  ],
  "heating_rates": [
    0.01596563315608101,
    0.0016666108938178839,
    0.0033332104675230147
  ],
  "relative_powers": [
    1.0,
    0.10438739745082412,
    0.208774085871656
  ]
}