{
  "base_force": 15.0,
  "forces": [
    15.0,
    30.0,
    45.0
  ],
  "wall_times": [
    600.0032961368561,
    321.45655274391174,
    566.780636548996
  ],
  "heating_rates": [
    0.006666630043125015,
    0.015554201515945604,
    0.008821755151064991
  ],
  "relative_powers": [
    1.0,
    2.3331430445860617,
    1.3232705420878208
  ]
}