{
  "base_force": 20.0,
  "forces": [
    20.0
  ],
  "wall_times": [
    165.155170917511
  ],
  "heating_rates": [
    0.030274559205278037
  ],
  "relative_powers": [
    0.0
  ]
}